{
  "timestamp": "2025-08-12T09:15:08.394962",
  "overview": {
    "total_positions": 193,
    "hold_positions": 155,
    "hold_percentage": 80.31088082901555
  },
  "returns": {
    "total_hold_positions": 155,
    "returns_with_data": 155,
    "hold_statistics": {
      "mean_return": 0.5893338027176571,
      "median_return": 0.8115753653815779,
      "std_return": 1.3180513339042872,
      "min_return": -8.413616746317155,
      "max_return": 2.7563396737781822,
      "win_rate": 0.7225806451612903,
      "zero_returns": 